"","cardId","name","cardSet","type","text","locale","rarity","artist","playerClass","img","imgGold","name.1","cost","flavor","collectible","attack","health","race","durability","elite","howToGet","howToGetGold","mechanics.name","mechanics.name.1"
"1","OG_313e","Addled","Whispers of the Old Gods","Enchantment","+1/+1.","enUS",NA,NA,NA,NA,NA,NA,NA,NA,NA,NA,NA,NA,NA,NA,NA,NA,NA,NA
"2","OG_188e","Amber Carapace","Whispers of the Old Gods","Enchantment","+5 Health.","enUS",NA,NA,NA,NA,NA,NA,NA,NA,NA,NA,NA,NA,NA,NA,NA,NA,NA,NA
"3","OG_293e","Arrakoa Devotion","Whispers of the Old Gods","Enchantment","+5/+5.","enUS",NA,NA,NA,NA,NA,NA,NA,NA,NA,NA,NA,NA,NA,NA,NA,NA,NA,NA
"4","OG_311e","Beacon of Hope","Whispers of the Old Gods","Enchantment","+1/+1.","enUS",NA,NA,NA,NA,NA,NA,NA,NA,NA,NA,NA,NA,NA,NA,NA,NA,NA,NA
"5","OG_195b","Big Wisps","Whispers of the Old Gods","Spell","Give your minions +2/+2.","enUS","Epic","Skan Srisuwan","Druid","http://wow.zamimg.com/images/hearthstone/cards/enus/original/OG_195b.png","http://wow.zamimg.com/images/hearthstone/cards/enus/animated/OG_195b_premium.gif",NA,NA,NA,NA,NA,NA,NA,NA,NA,NA,NA,NA,NA
"6","OG_080ae","Bloodthistle","Whispers of the Old Gods","Enchantment","Costs (2) less.","enUS",NA,NA,NA,NA,NA,NA,NA,NA,NA,NA,NA,NA,NA,NA,NA,NA,NA,NA
"7","OG_080ee","Briarthorn","Whispers of the Old Gods","Enchantment","+3 Attack.","enUS",NA,NA,NA,NA,NA,NA,NA,NA,NA,NA,NA,NA,NA,NA,NA,NA,NA,NA
"8","OG_290e","Caller Devotion","Whispers of the Old Gods","Enchantment","+1/+1.","enUS",NA,NA,NA,NA,NA,NA,NA,NA,NA,NA,NA,NA,NA,NA,NA,NA,NA,NA
"9","OG_293f","Dark Guardian","Whispers of the Old Gods","Enchantment","Increased Stats.","enUS",NA,NA,NA,NA,NA,NA,NA,NA,NA,NA,NA,NA,NA,NA,NA,NA,NA,NA
"10","OG_121e","Dark Power","Whispers of the Old Gods","Enchantment","Your next spell costs Health instead of Mana.","enUS",NA,NA,NA,NA,NA,NA,NA,NA,NA,NA,NA,NA,NA,NA,NA,NA,NA,NA
"11","OG_282e","Devotion of the Blade","Whispers of the Old Gods","Enchantment","Increased stats.","enUS",NA,NA,NA,NA,NA,"Battlecry",NA,NA,NA,NA,NA,NA,NA,NA,NA,NA,NA,NA
"12","OG_200e","Doom Free","Whispers of the Old Gods","Enchantment","Attack set to 7.","enUS",NA,NA,NA,NA,NA,NA,NA,NA,NA,NA,NA,NA,NA,NA,NA,NA,NA,NA
"13","OG_104e","Embracing the Shadow","Whispers of the Old Gods","Enchantment","Your healing effects are dealing damage.","enUS",NA,NA,NA,NA,NA,"OneTurnEffect",NA,NA,NA,NA,NA,NA,NA,NA,NA,NA,NA,NA
"14","OG_195e","Enormous","Whispers of the Old Gods","Enchantment","+2/+2.","enUS",NA,NA,NA,NA,NA,NA,NA,NA,NA,NA,NA,NA,NA,NA,NA,NA,NA,NA
"15","OG_150e","Enraged","Whispers of the Old Gods","Enchantment","+2 Attack.","enUS",NA,NA,NA,NA,NA,"Enrage",NA,NA,NA,NA,NA,NA,NA,NA,NA,NA,NA,NA
"16","OG_218e","Enraged","Whispers of the Old Gods","Enchantment","+3 Attack.","enUS",NA,NA,NA,NA,NA,"Enrage",NA,NA,NA,NA,NA,NA,NA,NA,NA,NA,NA,NA
"17","OG_337e","Eve of Destruction","Whispers of the Old Gods","Enchantment","Stats increased.","enUS",NA,NA,NA,NA,NA,NA,NA,NA,NA,NA,NA,NA,NA,NA,NA,NA,NA,NA
"18","OG_047b","Evolve Scales","Whispers of the Old Gods","Spell","Gain 8 Armor.","enUS","Common","Alex Alexandrov","Druid","http://wow.zamimg.com/images/hearthstone/cards/enus/original/OG_047b.png","http://wow.zamimg.com/images/hearthstone/cards/enus/animated/OG_047b_premium.gif",NA,NA,NA,NA,NA,NA,NA,NA,NA,NA,NA,NA,NA
"19","OG_047a","Evolve Spines","Whispers of the Old Gods","Spell","Give your hero +4 Attack this turn.","enUS","Common","Alex Alexandrov","Druid","http://wow.zamimg.com/images/hearthstone/cards/enus/original/OG_047a.png","http://wow.zamimg.com/images/hearthstone/cards/enus/animated/OG_047a_premium.gif",NA,NA,NA,NA,NA,NA,NA,NA,NA,NA,NA,NA,NA
"20","OG_174e","Faceless","Whispers of the Old Gods","Enchantment","Copying stats.","enUS",NA,NA,NA,NA,NA,NA,NA,NA,NA,NA,NA,NA,NA,NA,NA,NA,NA,NA
"21","OG_080de","Fadeleaf","Whispers of the Old Gods","Enchantment","Stealthed until your next turn.","enUS",NA,NA,NA,NA,NA,NA,NA,NA,NA,NA,NA,NA,NA,NA,NA,NA,NA,NA
"22","OG_281e","Fanatic Devotion","Whispers of the Old Gods","Enchantment","Increased Stats.","enUS",NA,NA,NA,NA,NA,NA,NA,NA,NA,NA,NA,NA,NA,NA,NA,NA,NA,NA
"23","OG_291e","Flickering Darkness","Whispers of the Old Gods","Enchantment","Shadowcaster made this 1/1.","enUS",NA,NA,NA,NA,NA,NA,NA,NA,NA,NA,NA,NA,NA,NA,NA,NA,NA,NA
"24","OG_051e","Forbidden Power","Whispers of the Old Gods","Enchantment","Increased stats.","enUS",NA,NA,"Druid",NA,NA,NA,NA,NA,NA,NA,NA,NA,NA,NA,NA,NA,NA,NA
"25","OG_284e","Geomancy","Whispers of the Old Gods","Enchantment","Has <b>Taunt</b>.","enUS",NA,NA,NA,NA,NA,NA,NA,NA,NA,NA,NA,NA,NA,NA,NA,NA,NA,NA
"26","OG_320e","Hour of Corruption","Whispers of the Old Gods","Enchantment","Increased Attack.","enUS",NA,NA,NA,NA,NA,NA,NA,NA,NA,NA,NA,NA,NA,NA,NA,NA,NA,NA
"27","OG_195a","Many Wisps","Whispers of the Old Gods","Spell","Summon seven 1/1 Wisps.","enUS","Epic","Skan Srisuwan","Druid","http://wow.zamimg.com/images/hearthstone/cards/enus/original/OG_195a.png","http://wow.zamimg.com/images/hearthstone/cards/enus/animated/OG_195a_premium.gif",NA,NA,NA,NA,NA,NA,NA,NA,NA,NA,NA,NA,NA
"28","OG_048e","Mark of Y'Shaarj","Whispers of the Old Gods","Enchantment","+2/+2.","enUS","Common",NA,"Druid",NA,NA,NA,NA,NA,NA,NA,NA,NA,NA,NA,NA,NA,NA,NA
"29","OG_045a","Nerubian Spores","Whispers of the Old Gods","Enchantment","Get a Beast when this dies.","enUS","Common",NA,"Druid",NA,NA,NA,NA,NA,NA,NA,NA,NA,NA,NA,NA,NA,NA,NA
"30","OG_118f","New Calling","Whispers of the Old Gods","Enchantment","Cost reduced.","enUS",NA,NA,NA,NA,NA,NA,NA,NA,NA,NA,NA,NA,NA,NA,NA,NA,NA,NA
"31","OG_292e","Night's Devotion","Whispers of the Old Gods","Enchantment","+1/+1.","enUS",NA,NA,NA,NA,NA,NA,NA,NA,NA,NA,NA,NA,NA,NA,NA,NA,NA,NA
"32","OG_223e","Optimism","Whispers of the Old Gods","Enchantment","+1/+2.","enUS",NA,NA,NA,NA,NA,NA,NA,NA,NA,NA,NA,NA,NA,NA,NA,NA,NA,NA
"33","OG_321e","Power of Faith","Whispers of the Old Gods","Enchantment","+1/+1.","enUS",NA,NA,NA,NA,NA,NA,NA,NA,NA,NA,NA,NA,NA,NA,NA,NA,NA,NA
"34","OG_113e","Power of the People","Whispers of the Old Gods","Enchantment","Increased Attack.","enUS",NA,NA,"Warlock",NA,NA,NA,NA,NA,NA,NA,NA,NA,NA,NA,NA,NA,NA,NA
"35","OG_102e","Power Transfer","Whispers of the Old Gods","Enchantment","Swapped stats.","enUS",NA,NA,NA,NA,NA,NA,NA,NA,NA,NA,NA,NA,NA,NA,NA,NA,NA,NA
"36","OG_023t","Primally Infused","Whispers of the Old Gods","Enchantment","Increased stats.","enUS",NA,NA,NA,NA,NA,NA,NA,NA,NA,NA,NA,NA,NA,NA,NA,NA,NA,NA
"37","OG_222e","Rally","Whispers of the Old Gods","Enchantment","+1/+1.","enUS",NA,NA,"Paladin",NA,NA,NA,NA,NA,NA,NA,NA,NA,NA,NA,NA,NA,NA,NA
"38","OG_315e","Reforged","Whispers of the Old Gods","Enchantment","+1/+1.","enUS",NA,NA,NA,NA,NA,NA,NA,NA,NA,NA,NA,NA,NA,NA,NA,NA,NA,NA
"39","OG_118e","Renounce Darkness Deck Ench","Whispers of the Old Gods","Enchantment",NA,"enUS",NA,NA,NA,NA,NA,NA,NA,NA,NA,NA,NA,NA,NA,NA,NA,NA,NA,NA
"40","OG_254e","Secretly Sated","Whispers of the Old Gods","Enchantment","Increased stats.","enUS",NA,NA,NA,NA,NA,NA,NA,NA,NA,NA,NA,NA,NA,NA,NA,NA,NA,NA
"41","OG_158e","Secrets of the Cult","Whispers of the Old Gods","Enchantment","+1/+1.","enUS",NA,NA,NA,NA,NA,NA,NA,NA,NA,NA,NA,NA,NA,NA,NA,NA,NA,NA
"42","OG_316k","Shadowy","Whispers of the Old Gods","Enchantment","1/1.","enUS",NA,NA,NA,NA,NA,NA,NA,NA,NA,NA,NA,NA,NA,NA,NA,NA,NA,NA
"43","OG_123e","Shifting","Whispers of the Old Gods","Enchantment","Transforming into random minions.","enUS",NA,NA,NA,NA,NA,NA,NA,NA,NA,NA,NA,NA,NA,NA,NA,NA,NA,NA
"44","OG_256e","Slimed","Whispers of the Old Gods","Enchantment","+1/+1.","enUS",NA,NA,NA,NA,NA,NA,NA,NA,NA,NA,NA,NA,NA,NA,NA,NA,NA,NA
"45","OG_303e","Sorcerous Devotion","Whispers of the Old Gods","Enchantment","+1/+1.","enUS",NA,NA,NA,NA,NA,NA,NA,NA,NA,NA,NA,NA,NA,NA,NA,NA,NA,NA
"46","OG_302e","Soul Power","Whispers of the Old Gods","Enchantment","Increased Attack.","enUS",NA,NA,NA,NA,NA,NA,NA,NA,NA,NA,NA,NA,NA,NA,NA,NA,NA,NA
"47","OG_047e","Spines","Whispers of the Old Gods","Enchantment","+4 Attack this turn.","enUS","Common",NA,"Druid",NA,NA,"OneTurnEffect",NA,NA,NA,NA,NA,NA,NA,NA,NA,NA,NA,NA
"48","OG_267e","Squid Oil Sheen","Whispers of the Old Gods","Enchantment","+2 Attack","enUS",NA,NA,"Rogue",NA,NA,NA,NA,NA,NA,NA,NA,NA,NA,NA,NA,NA,NA,NA
"49","OG_300e","Tasty!","Whispers of the Old Gods","Enchantment","Increased stats.","enUS",NA,NA,NA,NA,NA,NA,NA,NA,NA,NA,NA,NA,NA,NA,NA,NA,NA,NA
"50","OG_094e","Tentacles","Whispers of the Old Gods","Enchantment","+2/+6","enUS",NA,NA,"Priest",NA,NA,NA,NA,NA,NA,NA,NA,NA,NA,NA,NA,NA,NA,NA
"51","OG_271e","Terrifying Visage","Whispers of the Old Gods","Enchantment","Attack increased.","enUS",NA,NA,NA,NA,NA,NA,NA,NA,NA,NA,NA,NA,NA,NA,NA,NA,NA,NA
"52","OG_070e","Thirsty Blades","Whispers of the Old Gods","Enchantment","+1/+1.","enUS","Common",NA,"Rogue",NA,NA,NA,NA,NA,NA,NA,NA,NA,NA,NA,NA,NA,NA,NA
"53","OG_312e","Upgraded","Whispers of the Old Gods","Enchantment","Increased Durability.","enUS",NA,NA,"Warrior",NA,NA,NA,NA,NA,NA,NA,NA,NA,NA,NA,NA,NA,NA,NA
"54","OG_339e","Vassal's Subservience","Whispers of the Old Gods","Enchantment","+2/+2.","enUS",NA,NA,NA,NA,NA,NA,NA,NA,NA,NA,NA,NA,NA,NA,NA,NA,NA,NA
"55","OG_138e","Will of the Vizier","Whispers of the Old Gods","Enchantment","Reduced Cost.","enUS",NA,NA,NA,NA,NA,NA,NA,NA,NA,NA,NA,NA,NA,NA,NA,NA,NA,NA
"56","OG_202a","Y'Shaarj's Strength","Whispers of the Old Gods","Spell","Summon a 2/2 Slime.","enUS","Rare","L. Lullabi & S. Srisuwan","Druid","http://wow.zamimg.com/images/hearthstone/cards/enus/original/OG_202a.png","http://wow.zamimg.com/images/hearthstone/cards/enus/animated/OG_202a_premium.gif",NA,NA,NA,NA,NA,NA,NA,NA,NA,NA,NA,NA,NA
"57","OG_202ae","Y'Shaarj's Strength","Whispers of the Old Gods","Enchantment","+3/+3.","enUS","Rare",NA,"Druid",NA,NA,NA,NA,NA,NA,NA,NA,NA,NA,NA,NA,NA,NA,NA
"58","OG_202b","Yogg-Saron's Magic","Whispers of the Old Gods","Spell","Gain an empty Mana Crystal.","enUS","Rare","L. Lullabi & S. Srisuwan","Druid","http://wow.zamimg.com/images/hearthstone/cards/enus/original/OG_202b.png","http://wow.zamimg.com/images/hearthstone/cards/enus/animated/OG_202b_premium.gif",NA,NA,NA,NA,NA,NA,NA,NA,NA,NA,NA,NA,NA
"59","OG_086","Forbidden Flame","Whispers of the Old Gods","Spell","Spend all your Mana. Deal that much damage to a minion.","enUS","Epic","Hideaki Takamura","Mage","http://wow.zamimg.com/images/hearthstone/cards/enus/original/OG_086.png","http://wow.zamimg.com/images/hearthstone/cards/enus/animated/OG_086_premium.gif",NA,0,"WARNING: This flame is not to be used unless you are a licensed acolyte of the Old Gods.",TRUE,NA,NA,NA,NA,NA,NA,NA,NA,NA
"60","OG_198","Forbidden Healing","Whispers of the Old Gods","Spell","Spend all your Mana. Restore twice that much Health.","enUS","Epic","Mike Franchina","Paladin","http://wow.zamimg.com/images/hearthstone/cards/enus/original/OG_198.png","http://wow.zamimg.com/images/hearthstone/cards/enus/animated/OG_198_premium.gif",NA,0,"No one's quite sure why it's forbidden. And yes, that should make you nervous.",TRUE,NA,NA,NA,NA,NA,NA,NA,NA,NA
"61","OG_114","Forbidden Ritual","Whispers of the Old Gods","Spell","Spend all your Mana. Summon that many 1/1 Tentacles.","enUS","Rare","Evgeniy Zagumennyy","Warlock","http://wow.zamimg.com/images/hearthstone/cards/enus/original/OG_114.png","http://wow.zamimg.com/images/hearthstone/cards/enus/animated/OG_114_premium.gif",NA,0,"Actually, C'Thun gives his full support for this ritual.",TRUE,NA,NA,NA,NA,NA,NA,NA,NA,NA
"62","OG_101","Forbidden Shaping","Whispers of the Old Gods","Spell","Spend all your Mana. Summon a random minion that costs that much.","enUS","Epic","A.J. Nazzaro","Priest","http://wow.zamimg.com/images/hearthstone/cards/enus/original/OG_101.png","http://wow.zamimg.com/images/hearthstone/cards/enus/animated/OG_101_premium.gif",NA,0,"But the minion arrives covered in goo.",TRUE,NA,NA,NA,NA,NA,NA,NA,NA,NA
"63","OG_195c","Wisp","Whispers of the Old Gods","Minion",NA,"enUS","Common","Skan Srisuwan","Druid","http://wow.zamimg.com/images/hearthstone/cards/enus/original/OG_195c.png","http://wow.zamimg.com/images/hearthstone/cards/enus/animated/OG_195c_premium.gif",NA,0,NA,NA,1,1,NA,NA,NA,NA,NA,NA,NA
"64","OG_070","Bladed Cultist","Whispers of the Old Gods","Minion","<b>Combo</b>: Gain +1/+1.","enUS","Common","Jakub Kasber","Rogue","http://wow.zamimg.com/images/hearthstone/cards/enus/original/OG_070.png","http://wow.zamimg.com/images/hearthstone/cards/enus/animated/OG_070_premium.gif","Combo",1,"He has a poor understanding of the law of diminishing returns.",TRUE,1,2,NA,NA,NA,NA,NA,NA,NA
"65","OG_314","Blood To Ichor","Whispers of the Old Gods","Spell","Deal $1 damage to a minion. If it survives, summon a 2/2 Slime.","enUS","Rare","Jim Nelson","Warrior","http://wow.zamimg.com/images/hearthstone/cards/enus/original/OG_314.png","http://wow.zamimg.com/images/hearthstone/cards/enus/animated/OG_314_premium.gif",NA,1,"For his next trick, he turns the ichor back to blood and stuffs it back in you.",TRUE,NA,NA,NA,NA,NA,NA,NA,NA,NA
"66","OG_080c","Bloodthistle Toxin","Whispers of the Old Gods","Spell","Return a friendly minion to your hand.
It costs (2) less.","enUS",NA,"Nutchapol Thitinunthakorn","Rogue","http://wow.zamimg.com/images/hearthstone/cards/enus/original/OG_080c.png","http://wow.zamimg.com/images/hearthstone/cards/enus/animated/OG_080c_premium.gif",NA,1,NA,NA,NA,NA,NA,NA,NA,NA,NA,NA,NA
"67","OG_080d","Briarthorn Toxin","Whispers of the Old Gods","Spell","Give a minion +3 Attack.","enUS",NA,"Matthew O'Connor","Rogue","http://wow.zamimg.com/images/hearthstone/cards/enus/original/OG_080d.png","http://wow.zamimg.com/images/hearthstone/cards/enus/animated/OG_080d_premium.gif",NA,1,NA,NA,NA,NA,NA,NA,NA,NA,NA,NA,NA
"68","OG_223","Divine Strength","Whispers of the Old Gods","Spell","Give a minion +1/+2.","enUS","Common","Eva Wilderman","Paladin","http://wow.zamimg.com/images/hearthstone/cards/enus/original/OG_223.png","http://wow.zamimg.com/images/hearthstone/cards/enus/animated/OG_223_premium.gif",NA,1,"Every year a few paladins get disqualified from the Westfall weight lifting championship for using Divine Strength.",TRUE,NA,NA,NA,NA,NA,NA,NA,NA,NA
"69","OG_027","Evolve","Whispers of the Old Gods","Spell","Transform your minions into random minions that cost (1) more.","enUS","Rare","Luca Zontini","Shaman","http://wow.zamimg.com/images/hearthstone/cards/enus/original/OG_027.png","http://wow.zamimg.com/images/hearthstone/cards/enus/animated/OG_027_premium.gif",NA,1,"So you say you want an evolution. Well, you know. We all want to change the board.",TRUE,NA,NA,NA,NA,NA,NA,NA,NA,NA
"70","OG_080e","Fadeleaf Toxin","Whispers of the Old Gods","Spell","Give a friendly minion Stealth until your next turn.","enUS",NA,"Joe Wilson","Rogue","http://wow.zamimg.com/images/hearthstone/cards/enus/original/OG_080e.png","http://wow.zamimg.com/images/hearthstone/cards/enus/animated/OG_080e_premium.gif",NA,1,NA,NA,NA,NA,NA,NA,NA,NA,NA,NA,NA
"71","OG_179","Fiery Bat","Whispers of the Old Gods","Minion","<b>Deathrattle:</b> Deal 1 damage to a random enemy.","enUS","Common","Andrew Hou","Hunter","http://wow.zamimg.com/images/hearthstone/cards/enus/original/OG_179.png","http://wow.zamimg.com/images/hearthstone/cards/enus/animated/OG_179_premium.gif","Deathrattle",1,"He'll always be our first.",TRUE,2,1,"Beast",NA,NA,NA,NA,NA,NA
"72","OG_080f","Firebloom Toxin","Whispers of the Old Gods","Spell","Deal $2 damage.","enUS",NA,"Izzy Hoover","Rogue","http://wow.zamimg.com/images/hearthstone/cards/enus/original/OG_080f.png","http://wow.zamimg.com/images/hearthstone/cards/enus/animated/OG_080f_premium.gif",NA,1,NA,NA,NA,NA,NA,NA,NA,NA,NA,NA,NA
"73","OG_051","Forbidden Ancient","Whispers of the Old Gods","Minion","<b>Battlecry:</b> Spend all your Mana. Gain +1/+1 for each mana spent.","enUS","Epic","Grace Liu","Druid","http://wow.zamimg.com/images/hearthstone/cards/enus/original/OG_051.png","http://wow.zamimg.com/images/hearthstone/cards/enus/animated/OG_051_premium.gif","Battlecry",1,"This Ancient was banned from the local tavern after tucking a 'Dr. Boom' up its sleeve.",TRUE,1,1,NA,NA,NA,NA,NA,NA,NA
"74","OG_114a","Icky Tentacle","Whispers of the Old Gods","Minion",NA,"enUS",NA,"Arthur Bozonnet","Warlock","http://wow.zamimg.com/images/hearthstone/cards/enus/original/OG_114a.png","http://wow.zamimg.com/images/hearthstone/cards/enus/animated/OG_114a_premium.gif",NA,1,NA,NA,1,1,NA,NA,NA,NA,NA,NA,NA
"75","OG_072","Journey Below","Whispers of the Old Gods","Spell","<b>Discover</b> a <b>Deathrattle</b> card.","enUS","Rare","Zoltan Boros","Rogue","http://wow.zamimg.com/images/hearthstone/cards/enus/original/OG_072.png","http://wow.zamimg.com/images/hearthstone/cards/enus/animated/OG_072_premium.gif",NA,1,"Don't stop believing there's something below.",TRUE,NA,NA,NA,NA,NA,NA,NA,NA,NA
"76","OG_080b","Kingsblood Toxin","Whispers of the Old Gods","Spell","Draw a card.","enUS",NA,"Tyler Walpole","Rogue","http://wow.zamimg.com/images/hearthstone/cards/enus/original/OG_080b.png","http://wow.zamimg.com/images/hearthstone/cards/enus/animated/OG_080b_premium.gif",NA,1,NA,NA,NA,NA,NA,NA,NA,NA,NA,NA,NA
"77","OG_061t","Mastiff","Whispers of the Old Gods","Minion",NA,"enUS",NA,"Zoltan Boros","Hunter","http://wow.zamimg.com/images/hearthstone/cards/enus/original/OG_061t.png","http://wow.zamimg.com/images/hearthstone/cards/enus/animated/OG_061t_premium.gif",NA,1,NA,NA,1,1,"Beast",NA,NA,NA,NA,NA,NA
"78","OG_312","N'Zoth's First Mate","Whispers of the Old Gods","Minion","<b>Battlecry:</b> Equip a 1/3 Rusty Hook.","enUS","Common","Paul Mafayon","Warrior","http://wow.zamimg.com/images/hearthstone/cards/enus/original/OG_312.png","http://wow.zamimg.com/images/hearthstone/cards/enus/animated/OG_312_premium.gif","Battlecry",1,"Hates when N'Zoth yells ""Ahoy Matey!!"", but there's not really much he can do about it. ",TRUE,1,1,"Pirate",NA,NA,NA,NA,NA,NA
"79","OG_061","On the Hunt","Whispers of the Old Gods","Spell","Deal $1 damage.
Summon a 1/1 Mastiff.","enUS","Common","Zoltan Boros","Hunter","http://wow.zamimg.com/images/hearthstone/cards/enus/original/OG_061.png","http://wow.zamimg.com/images/hearthstone/cards/enus/animated/OG_061_premium.gif",NA,1,"The mastiff giggles if you don't hit any ducks.",TRUE,NA,NA,NA,NA,NA,NA,NA,NA,NA
"80","OG_156a","Ooze","Whispers of the Old Gods","Minion","<b>Taunt</b>","enUS","Common","Anton Magdalin",NA,"http://wow.zamimg.com/images/hearthstone/cards/enus/original/OG_156a.png","http://wow.zamimg.com/images/hearthstone/cards/enus/animated/OG_156a_premium.gif","Taunt",1,NA,NA,1,1,NA,NA,NA,NA,NA,NA,NA
"81","OG_241","Possessed Villager","Whispers of the Old Gods","Minion","<b>Deathrattle:</b> Summon a 1/1 Shadowbeast.","enUS","Common","Matt Dixon","Warlock","http://wow.zamimg.com/images/hearthstone/cards/enus/original/OG_241.png","http://wow.zamimg.com/images/hearthstone/cards/enus/animated/OG_241_premium.gif","Deathrattle",1,"It's like a pinata! A lame disgusting horrific pinata.",TRUE,1,1,NA,NA,NA,NA,NA,NA,NA
"82","OG_023","Primal Fusion","Whispers of the Old Gods","Spell","Give a minion +1/+1 for each of your Totems.","enUS","Common","Jimmy Lo","Shaman","http://wow.zamimg.com/images/hearthstone/cards/enus/original/OG_023.png","http://wow.zamimg.com/images/hearthstone/cards/enus/animated/OG_023_premium.gif",NA,1,"Golce and Dabbana have a new line of Earth Totems available at vendors everywhere this holiday season.",TRUE,NA,NA,NA,NA,NA,NA,NA,NA,NA
"83","OG_058","Rusty Hook","Whispers of the Old Gods","Weapon",NA,"enUS",NA,"Grace Liu","Warrior","http://wow.zamimg.com/images/hearthstone/cards/enus/original/OG_058.png","http://wow.zamimg.com/images/hearthstone/cards/enus/animated/OG_058_premium.gif",NA,1,NA,NA,1,NA,NA,3,NA,NA,NA,NA,NA
"84","OG_221","Selfless Hero","Whispers of the Old Gods","Minion","<b>Deathrattle:</b> Give a random friendly minion <b>Divine Shield</b>.","enUS","Rare","Rafael Zanchetin","Paladin","http://wow.zamimg.com/images/hearthstone/cards/enus/original/OG_221.png","http://wow.zamimg.com/images/hearthstone/cards/enus/animated/OG_221_premium.gif","Deathrattle",1,"""Don't worry about me… I'll just be here... under these tentacles.""",TRUE,2,1,NA,NA,NA,NA,NA,NA,NA
"85","OG_241a","Shadowbeast","Whispers of the Old Gods","Minion",NA,"enUS",NA,"L. Lullabi & A. Bozonnet","Warlock","http://wow.zamimg.com/images/hearthstone/cards/enus/original/OG_241a.png","http://wow.zamimg.com/images/hearthstone/cards/enus/animated/OG_241a_premium.gif",NA,1,NA,NA,1,1,NA,NA,NA,NA,NA,NA,NA
"86","OG_123","Shifter Zerus","Whispers of the Old Gods","Minion","Each turn this is in your hand, transform it into a random minion.","enUS","Legendary","Daria Tuzova",NA,"http://wow.zamimg.com/images/hearthstone/cards/enus/original/OG_123.png","http://wow.zamimg.com/images/hearthstone/cards/enus/animated/OG_123_premium.gif",NA,1,"It's like being able to play with THREE angry chickens!",TRUE,1,1,NA,NA,TRUE,NA,NA,NA,NA
"87","OG_006a","Silver Hand Murloc","Whispers of the Old Gods","Minion",NA,"enUS",NA,"Andrew Hou","Paladin","http://wow.zamimg.com/images/hearthstone/cards/enus/original/OG_006a.png","http://wow.zamimg.com/images/hearthstone/cards/enus/animated/OG_006a_premium.gif",NA,1,NA,NA,1,1,"Murloc",NA,NA,NA,NA,NA,NA
"88","OG_202c","Slime","Whispers of the Old Gods","Minion",NA,"enUS",NA,"Anton Kagounkin","Druid","http://wow.zamimg.com/images/hearthstone/cards/enus/original/OG_202c.png","http://wow.zamimg.com/images/hearthstone/cards/enus/animated/OG_202c_premium.gif",NA,1,NA,NA,2,2,NA,NA,NA,NA,NA,NA,NA
"89","OG_249a","Slime","Whispers of the Old Gods","Minion",NA,"enUS","Common","Anton Kagounkin",NA,"http://wow.zamimg.com/images/hearthstone/cards/enus/original/OG_249a.png","http://wow.zamimg.com/images/hearthstone/cards/enus/animated/OG_249a_premium.gif",NA,1,NA,NA,2,2,NA,NA,NA,NA,NA,NA,NA
"90","OG_314b","Slime","Whispers of the Old Gods","Minion",NA,"enUS",NA,NA,"Warrior","http://wow.zamimg.com/images/hearthstone/cards/enus/original/OG_314b.png","http://wow.zamimg.com/images/hearthstone/cards/enus/animated/OG_314b_premium.gif",NA,1,NA,NA,2,2,NA,NA,NA,NA,NA,NA,NA
"91","OG_216a","Spider","Whispers of the Old Gods","Minion",NA,"enUS",NA,"Luca Zontini","Hunter","http://wow.zamimg.com/images/hearthstone/cards/enus/original/OG_216a.png","http://wow.zamimg.com/images/hearthstone/cards/enus/animated/OG_216a_premium.gif",NA,1,NA,NA,1,1,"Beast",NA,NA,NA,NA,NA,NA
"92","OG_151","Tentacle of N'Zoth","Whispers of the Old Gods","Minion","<b>Deathrattle:</b> Deal 1 damage to all minions.","enUS","Common","J. Meyers & T. Washington",NA,"http://wow.zamimg.com/images/hearthstone/cards/enus/original/OG_151.png","http://wow.zamimg.com/images/hearthstone/cards/enus/animated/OG_151_premium.gif","Deathrattle",1,"Because EVERYDAY is the Day of the Tentacle of N'zoth.",TRUE,1,1,NA,NA,NA,NA,NA,NA,NA
"93","OG_006","Vilefin Inquisitor","Whispers of the Old Gods","Minion","<b>Battlecry:</b> Your Hero Power becomes 'Summon a   1/1 Murloc.'","enUS","Epic","Jerry Mascho","Paladin","http://wow.zamimg.com/images/hearthstone/cards/enus/original/OG_006.png","http://wow.zamimg.com/images/hearthstone/cards/enus/animated/OG_006_premium.gif","Battlecry",1,"Nobody expects the Vilefin Inquisition!",TRUE,1,3,"Murloc",NA,NA,NA,NA,NA,NA
"94","OG_158","Zealous Initiate","Whispers of the Old Gods","Minion","<b>Deathrattle:</b> Give a random friendly minion +1/+1.","enUS","Common","Cole Eastburn",NA,"http://wow.zamimg.com/images/hearthstone/cards/enus/original/OG_158.png","http://wow.zamimg.com/images/hearthstone/cards/enus/animated/OG_158_premium.gif","Deathrattle",1,"Ok, Initiate. You need to settle down and do your job. In this case, that means die so someone else can get a minor buff.",TRUE,1,1,NA,NA,NA,NA,NA,NA,NA
"95","OG_311","A Light in the Darkness","Whispers of the Old Gods","Spell","<b>Discover</b> a minion.
Give it +1/+1.","enUS","Common","Zoltan Boros","Paladin","http://wow.zamimg.com/images/hearthstone/cards/enus/original/OG_311.png","http://wow.zamimg.com/images/hearthstone/cards/enus/animated/OG_311_premium.gif",NA,2,"Wait, how can you have a light in the dark?  If you turn on a light while it’s dark, doesn’t that mean it’s no longer dark?",TRUE,NA,NA,NA,NA,NA,NA,NA,NA,NA
"96","OG_281","Beckoner of Evil","Whispers of the Old Gods","Minion","<b>Battlecry:</b> Give your C'Thun +2/+2 <i>(wherever it is).</i>","enUS","Common","Eva Wilderman",NA,"http://wow.zamimg.com/images/hearthstone/cards/enus/original/OG_281.png","http://wow.zamimg.com/images/hearthstone/cards/enus/animated/OG_281_premium.gif","Battlecry",2,"Here, Evil!  C'mon boy!",TRUE,2,3,NA,NA,NA,"Unlocked when opening a Whispers of the Old Gods pack.","Crafting unlocked after opening a Whispers of the Old Gods pack.",NA,NA
"97","OG_156","Bilefin Tidehunter","Whispers of the Old Gods","Minion","<b>Battlecry:</b> Summon a 1/1 Ooze with <b>Taunt</b>.","enUS","Common","James Ryman",NA,"http://wow.zamimg.com/images/hearthstone/cards/enus/original/OG_156.png","http://wow.zamimg.com/images/hearthstone/cards/enus/animated/OG_156_premium.gif","Battlecry",2,"Bile actually makes for surprisingly sturdy fins.",TRUE,2,1,"Murloc",NA,NA,NA,NA,NA,NA
"98","OG_303","Cult Sorcerer","Whispers of the Old Gods","Minion","[x]<b><b>Spell Damage</b> +1</b>
After you cast a spell,
give your C'Thun +1/+1
<i>(wherever it is).</i>","enUS","Rare","J. Meyers & T. Washington","Mage","http://wow.zamimg.com/images/hearthstone/cards/enus/original/OG_303.png","http://wow.zamimg.com/images/hearthstone/cards/enus/animated/OG_303_premium.gif","Spell Damage",2,"No matter how many times we tell her not to, she keeps feeding C'Thun scraps under the table.",TRUE,3,2,NA,NA,NA,NA,NA,NA,NA
"99","OG_109","Darkshire Librarian","Whispers of the Old Gods","Minion","<b>Battlecry:</b>
Discard a random card. <b>Deathrattle:</b>
Draw a card.","enUS","Rare","Rafael Zanchetin","Warlock","http://wow.zamimg.com/images/hearthstone/cards/enus/original/OG_109.png","http://wow.zamimg.com/images/hearthstone/cards/enus/animated/OG_109_premium.gif",NA,2,"Do NOT be late with your overdue fines.",TRUE,3,2,NA,NA,NA,NA,NA,"Battlecry","Deathrattle"
"100","OG_326","Duskboar","Whispers of the Old Gods","Minion",NA,"enUS","Common","Samwise",NA,"http://wow.zamimg.com/images/hearthstone/cards/enus/original/OG_326.png","http://wow.zamimg.com/images/hearthstone/cards/enus/animated/OG_326_premium.gif",NA,2,"Often excluded from dinner parties.  To be fair, he is very boaring.",TRUE,4,1,"Beast",NA,NA,NA,NA,NA,NA
"101","OG_104","Embrace the Shadow","Whispers of the Old Gods","Spell","This turn, your healing effects deal damage instead.","enUS","Epic","Rafael Zanchetin","Priest","http://wow.zamimg.com/images/hearthstone/cards/enus/original/OG_104.png","http://wow.zamimg.com/images/hearthstone/cards/enus/animated/OG_104_premium.gif",NA,2,"For when your Auchenai Soulpriests call in sick.",TRUE,NA,NA,NA,NA,NA,NA,NA,NA,NA
"102","OG_026","Eternal Sentinel","Whispers of the Old Gods","Minion","<b>Battlecry:</b> Unlock your <b>Overloaded</b> Mana Crystals.","enUS","Epic","J. Meyers & Nutchapol ","Shaman","http://wow.zamimg.com/images/hearthstone/cards/enus/original/OG_026.png","http://wow.zamimg.com/images/hearthstone/cards/enus/animated/OG_026_premium.gif","Battlecry",2,"Just try to avoid eye contact.",TRUE,3,2,NA,NA,NA,NA,NA,NA,NA
"103","OG_318t","Gnoll","Whispers of the Old Gods","Minion","<b>Taunt</b>","enUS",NA,"Greg Staples",NA,"http://wow.zamimg.com/images/hearthstone/cards/enus/original/OG_318t.png","http://wow.zamimg.com/images/hearthstone/cards/enus/animated/OG_318t_premium.gif","Taunt",2,NA,NA,2,2,NA,NA,NA,NA,NA,NA,NA
"104","OG_048","Mark of Y'Shaarj","Whispers of the Old Gods","Spell","Give a minion +2/+2.
If it's a Beast, draw
a card.","enUS","Common","Efrem Palacios","Druid","http://wow.zamimg.com/images/hearthstone/cards/enus/original/OG_048.png","http://wow.zamimg.com/images/hearthstone/cards/enus/animated/OG_048_premium.gif",NA,2,"Y'shaarj had three sons: Mark, Theodore, and Chris.",TRUE,NA,NA,NA,NA,NA,NA,NA,NA,NA
"105","OG_338","Nat, the Darkfisher","Whispers of the Old Gods","Minion","At the start of your opponent's turn, they have a 50% chance to draw an extra card.","enUS","Legendary","Steve Prescott",NA,"http://wow.zamimg.com/images/hearthstone/cards/enus/original/OG_338.png","http://wow.zamimg.com/images/hearthstone/cards/enus/animated/OG_338_premium.gif",NA,2,"You can take away his humanity, but you will never take away his fishing pole.",TRUE,2,4,NA,NA,TRUE,NA,NA,NA,NA
"106","OG_118","Renounce Darkness","Whispers of the Old Gods","Spell","Replace your Hero Power and Warlock cards with another class's. The cards cost (1) less.","enUS","Epic","Dan Scott","Warlock","http://wow.zamimg.com/images/hearthstone/cards/enus/original/OG_118.png","http://wow.zamimg.com/images/hearthstone/cards/enus/animated/OG_118_premium.gif",NA,2,"SEE YA DARKNESS!",TRUE,NA,NA,NA,NA,NA,NA,NA,NA,NA
"107","OG_081","Shatter","Whispers of the Old Gods","Spell","Destroy a <b>Frozen</b> minion.","enUS","Common","Trent Kaniuga","Mage","http://wow.zamimg.com/images/hearthstone/cards/enus/original/OG_081.png","http://wow.zamimg.com/images/hearthstone/cards/enus/animated/OG_081_premium.gif",NA,2,"What's cooler than being cool?",TRUE,NA,NA,NA,NA,NA,NA,NA,NA,NA
"108","OG_206","Stormcrack","Whispers of the Old Gods","Spell","Deal $4 damage to a minion. <b>Overload:</b> (1)","enUS","Common","Maurico Herrera","Shaman","http://wow.zamimg.com/images/hearthstone/cards/enus/original/OG_206.png","http://wow.zamimg.com/images/hearthstone/cards/enus/animated/OG_206_premium.gif","Overload",2,"WARNING: DO NOT TOUCH THE PURPLE BALL OF LIGHTNING",TRUE,NA,NA,NA,NA,NA,NA,NA,NA,NA
"109","OG_006b","The Tidal Hand","Whispers of the Old Gods","Hero Power","<b>Hero Power</b>
Summon a 1/1 Silver Hand Murloc.","enUS",NA,"Andrew Hou","Paladin","http://wow.zamimg.com/images/hearthstone/cards/enus/original/OG_006b.png","http://wow.zamimg.com/images/hearthstone/cards/enus/animated/OG_006b_premium.gif",NA,2,NA,NA,NA,NA,NA,NA,NA,NA,NA,NA,NA
"110","OG_284","Twilight Geomancer","Whispers of the Old Gods","Minion","[x]<b>Taunt</b>
<b>Battlecry:</b> Give your C'Thun
<b>Taunt</b> <i>(wherever it is).</i>","enUS","Common","Eric Braddock",NA,"http://wow.zamimg.com/images/hearthstone/cards/enus/original/OG_284.png","http://wow.zamimg.com/images/hearthstone/cards/enus/animated/OG_284_premium.gif",NA,2,"""Ok C'Thun, repeat after me: 'Your mother was a hamster.'""",TRUE,1,4,NA,NA,NA,NA,NA,"Battlecry","Taunt"
"111","OG_247","Twisted Worgen","Whispers of the Old Gods","Minion","<b>Stealth</b>","enUS","Common","Trent Kaniuga",NA,"http://wow.zamimg.com/images/hearthstone/cards/enus/original/OG_247.png","http://wow.zamimg.com/images/hearthstone/cards/enus/animated/OG_247_premium.gif","Stealth",2,"Sometimes the Old Gods' corruptions gives you power untold, sometimes you get +1 Attack. We can’t all be winners in the Eldritch lottery.",TRUE,3,1,NA,NA,NA,NA,NA,NA,NA
"112","OG_330","Undercity Huckster","Whispers of the Old Gods","Minion","<b>Deathrattle:</b> Add a random class card to your hand <i>(from your opponent's class)</i>.","enUS","Rare","Jon Neimeister","Rogue","http://wow.zamimg.com/images/hearthstone/cards/enus/original/OG_330.png","http://wow.zamimg.com/images/hearthstone/cards/enus/animated/OG_330_premium.gif","Deathrattle",2,"Psst! Wanna buy a random class card (from your opponent's class)?",TRUE,2,2,NA,NA,NA,NA,NA,NA,NA
"113","OG_313","Addled Grizzly","Whispers of the Old Gods","Minion","After you summon a minion, give it +1/+1.","enUS","Rare","Andrew Hou","Druid","http://wow.zamimg.com/images/hearthstone/cards/enus/original/OG_313.png","http://wow.zamimg.com/images/hearthstone/cards/enus/animated/OG_313_premium.gif",NA,3,"Druids who spend too long in bear form are more susceptible to the whispers of the Old Gods.  Right now they are whispering the lyrics to ""La Bamba"".",TRUE,2,2,"Beast",NA,NA,NA,NA,NA,NA
"114","OG_248","Am'gam Rager","Whispers of the Old Gods","Minion",NA,"enUS","Common","Matt Gaser",NA,"http://wow.zamimg.com/images/hearthstone/cards/enus/original/OG_248.png","http://wow.zamimg.com/images/hearthstone/cards/enus/animated/OG_248_premium.gif",NA,3,"peerc rewop",TRUE,1,5,NA,NA,NA,NA,NA,NA,NA
"115","OG_276","Blood Warriors","Whispers of the Old Gods","Spell","Add a copy of each damaged friendly minion to your hand.","enUS","Epic","A.J. Nazzaro","Warrior","http://wow.zamimg.com/images/hearthstone/cards/enus/original/OG_276.png","http://wow.zamimg.com/images/hearthstone/cards/enus/animated/OG_276_premium.gif",NA,3,"They have an uneasy rivalry with the Blood Paladins.",TRUE,NA,NA,NA,NA,NA,NA,NA,NA,NA
"116","OG_315","Bloodsail Cultist","Whispers of the Old Gods","Minion","<b>Battlecry:</b> If you control a Pirate, give your weapon +1/+1.","enUS","Rare","Matt Dixon","Warrior","http://wow.zamimg.com/images/hearthstone/cards/enus/original/OG_315.png","http://wow.zamimg.com/images/hearthstone/cards/enus/animated/OG_315_premium.gif","Battlecry",3,"They're really just in it for the Blood Parrot.",TRUE,3,4,"Pirate",NA,NA,NA,NA,NA,NA
"117","OG_325","Carrion Grub","Whispers of the Old Gods","Minion",NA,"enUS","Common","Kan Lui","Hunter","http://wow.zamimg.com/images/hearthstone/cards/enus/original/OG_325.png","http://wow.zamimg.com/images/hearthstone/cards/enus/animated/OG_325_premium.gif",NA,3,"Carrion, my wayward grub.",TRUE,2,5,"Beast",NA,NA,NA,NA,NA,NA
"118","OG_113","Darkshire Councilman","Whispers of the Old Gods","Minion","After you summon a minion, gain +1 Attack.","enUS","Common","Garrett Hanna","Warlock","http://wow.zamimg.com/images/hearthstone/cards/enus/original/OG_113.png","http://wow.zamimg.com/images/hearthstone/cards/enus/animated/OG_113_premium.gif",NA,3,"Democracy in action!",TRUE,1,5,NA,NA,NA,NA,NA,NA,NA
"119","OG_162","Disciple of C'Thun","Whispers of the Old Gods","Minion","<b>Battlecry:</b> Deal 2 damage. Give your C'Thun +2/+2 <i>(wherever it is)</i>.","enUS","Rare","Dan Scott",NA,"http://wow.zamimg.com/images/hearthstone/cards/enus/original/OG_162.png","http://wow.zamimg.com/images/hearthstone/cards/enus/animated/OG_162_premium.gif","Battlecry",3,"C’Thun’s recruiting pitch involves cookies, which is why it’s the most popular Old God.",TRUE,2,1,NA,NA,NA,NA,NA,NA,NA
"120","OG_047","Feral Rage","Whispers of the Old Gods","Spell","<b>Choose One</b> - Give your hero +4 Attack this turn; or Gain 8 Armor.","enUS","Common","Alex Alexandrov","Druid","http://wow.zamimg.com/images/hearthstone/cards/enus/original/OG_047.png","http://wow.zamimg.com/images/hearthstone/cards/enus/animated/OG_047_premium.gif",NA,3,"Let's be honest. One option is a lot ragier than the other.",TRUE,NA,NA,NA,NA,NA,NA,NA,NA,NA
"121","OG_292","Forlorn Stalker","Whispers of the Old Gods","Minion","<b>Battlecry:</b> Give all <b>Deathrattle</b> minions in your hand +1/+1.","enUS","Rare","Peter Stapleton","Hunter","http://wow.zamimg.com/images/hearthstone/cards/enus/original/OG_292.png","http://wow.zamimg.com/images/hearthstone/cards/enus/animated/OG_292_premium.gif","Battlecry",3,"He's going to leave the dying up to you, if that's cool.",TRUE,4,2,NA,NA,NA,NA,NA,NA,NA
"122","OG_045","Infest","Whispers of the Old Gods","Spell","Give your minions ""<b>Deathrattle:</b> Add a random Beast to your hand.""","enUS","Rare","Anton Zemskov","Hunter","http://wow.zamimg.com/images/hearthstone/cards/enus/original/OG_045.png","http://wow.zamimg.com/images/hearthstone/cards/enus/animated/OG_045_premium.gif",NA,3,"The best part is the look on their face when you jump out of the cake! Err… corpse.",TRUE,NA,NA,NA,NA,NA,NA,NA,NA,NA
"123","OG_222","Rallying Blade","Whispers of the Old Gods","Weapon","<b>Battlecry:</b> Give +1/+1 to your minions with <b>Divine Shield</b>.","enUS","Rare","J. Curtis Cranford","Paladin","http://wow.zamimg.com/images/hearthstone/cards/enus/original/OG_222.png","http://wow.zamimg.com/images/hearthstone/cards/enus/animated/OG_222_premium.gif","Battlecry",3,"As far as blades go, this one is pretty great in the motivation department.",TRUE,3,NA,NA,2,NA,NA,NA,NA,NA
"124","OG_149","Ravaging Ghoul","Whispers of the Old Gods","Minion","<b>Battlecry:</b> Deal 1 damage to all other minions.","enUS","Common","Dany Orizio","Warrior","http://wow.zamimg.com/images/hearthstone/cards/enus/original/OG_149.png","http://wow.zamimg.com/images/hearthstone/cards/enus/animated/OG_149_premium.gif","Battlecry",3,"But goes by ""Ravishing Ghoul"" when he hits the club.",TRUE,3,3,NA,NA,NA,NA,NA,NA,NA
"125","OG_176","Shadow Strike","Whispers of the Old Gods","Spell","Deal $5 damage to an undamaged character.","enUS","Common","Dave Allsop","Rogue","http://wow.zamimg.com/images/hearthstone/cards/enus/original/OG_176.png","http://wow.zamimg.com/images/hearthstone/cards/enus/animated/OG_176_premium.gif",NA,3,"It's like a backstab, only from the front. And with two more stabs.",TRUE,NA,NA,NA,NA,NA,NA,NA,NA,NA
"126","OG_034","Silithid Swarmer","Whispers of the Old Gods","Minion","Can only attack if your hero attacked this turn.","enUS","Rare","Jakub Kasber",NA,"http://wow.zamimg.com/images/hearthstone/cards/enus/original/OG_034.png","http://wow.zamimg.com/images/hearthstone/cards/enus/animated/OG_034_premium.gif",NA,3,"If your hero doesn't attack, it's just ""Silithid Loner"".",TRUE,3,5,NA,NA,NA,NA,NA,NA,NA
"127","OG_256","Spawn of N'Zoth","Whispers of the Old Gods","Minion","<b>Deathrattle:</b> Give your minions +1/+1.","enUS","Common","Peter Stapleton",NA,"http://wow.zamimg.com/images/hearthstone/cards/enus/original/OG_256.png","http://wow.zamimg.com/images/hearthstone/cards/enus/animated/OG_256_premium.gif","Deathrattle",3,"Who's a cute widdle N'Zoth? You are! Yes you are! Yes you're the cutest widdle N'Zoth in the whole world!!!",TRUE,2,2,NA,NA,NA,NA,NA,NA,NA
"128","OG_116","Spreading Madness","Whispers of the Old Gods","Spell","Deal $9 damage randomly split among ALL characters.","enUS","Rare","Mauricio Herrera","Warlock","http://wow.zamimg.com/images/hearthstone/cards/enus/original/OG_116.png","http://wow.zamimg.com/images/hearthstone/cards/enus/animated/OG_116_premium.gif","ImmuneToSpellpower",3,"Most citizens of Darkshire wear those surgical masks to prevent spreading Madness to tourists.",TRUE,NA,NA,NA,NA,NA,NA,NA,NA,NA
"129","OG_327","Squirming Tentacle","Whispers of the Old Gods","Minion","<b>Taunt</b>","enUS","Common","L. Lullabi &  Nutchapol ",NA,"http://wow.zamimg.com/images/hearthstone/cards/enus/original/OG_327.png","http://wow.zamimg.com/images/hearthstone/cards/enus/animated/OG_327_premium.gif","Taunt",3,"Yeah, I think we can agree that killing the squirming tentacle first is a good idea.",TRUE,2,4,NA,NA,NA,NA,NA,NA,NA
"130","OG_310","Steward of Darkshire","Whispers of the Old Gods","Minion","Whenever you summon a 1-Health minion, give it <b>Divine Shield</b>.","enUS","Rare","Phroi Gardner","Paladin","http://wow.zamimg.com/images/hearthstone/cards/enus/original/OG_310.png","http://wow.zamimg.com/images/hearthstone/cards/enus/animated/OG_310_premium.gif",NA,3,"Turns out divine shields are way cheaper if you buy in bulk.",TRUE,3,3,NA,NA,NA,NA,NA,NA,NA
"131","OG_286","Twilight Elder","Whispers of the Old Gods","Minion","At the end of your turn, give your C'Thun +1/+1 <i>(wherever it is).</i>","enUS","Common","Tooth",NA,"http://wow.zamimg.com/images/hearthstone/cards/enus/original/OG_286.png","http://wow.zamimg.com/images/hearthstone/cards/enus/animated/OG_286_premium.gif",NA,3,"Just doesn't understand those Twilight Youngsters any more - with their comic books and their rock music.",TRUE,3,4,NA,NA,NA,NA,NA,NA,NA
"132","OG_031a","Twilight Elemental","Whispers of the Old Gods","Minion",NA,"enUS","Epic","A. J. Nazzaro","Shaman","http://wow.zamimg.com/images/hearthstone/cards/enus/original/OG_031a.png","http://wow.zamimg.com/images/hearthstone/cards/enus/animated/OG_031a_premium.gif",NA,3,NA,NA,4,2,NA,NA,NA,NA,NA,NA,NA
"133","OG_083","Twilight Flamecaller","Whispers of the Old Gods","Minion","<b>Battlecry:</b> Deal 1 damage to all enemy minions.","enUS","Common","Anton Zemskov","Mage","http://wow.zamimg.com/images/hearthstone/cards/enus/original/OG_083.png","http://wow.zamimg.com/images/hearthstone/cards/enus/animated/OG_083_premium.gif","Battlecry",3,"Make sure you summon a Twilight Marshmallowcaller too! Mmmm Mmm Mmm!!",TRUE,2,2,NA,NA,NA,NA,NA,NA,NA
"134","OG_150","Aberrant Berserker","Whispers of the Old Gods","Minion","<b>Enrage:</b> +2 Attack.","enUS","Common","Jim Nelson",NA,"http://wow.zamimg.com/images/hearthstone/cards/enus/original/OG_150.png","http://wow.zamimg.com/images/hearthstone/cards/enus/animated/OG_150_premium.gif","Enrage",4,"I berserk, therefore I am.",TRUE,3,5,NA,NA,NA,NA,NA,NA,NA
"135","OG_322","Blackwater Pirate","Whispers of the Old Gods","Minion","Your weapons cost (2) less.","enUS","Rare","Max Grecke",NA,"http://wow.zamimg.com/images/hearthstone/cards/enus/original/OG_322.png","http://wow.zamimg.com/images/hearthstone/cards/enus/animated/OG_322_premium.gif",NA,4,"""Look, they fell off the back of a ship, do you want them or not? I have a meeting with Y'Shaarj in like ten minutes.""",TRUE,2,5,"Pirate",NA,NA,NA,NA,NA,NA
"136","OG_218","Bloodhoof Brave","Whispers of the Old Gods","Minion","<b>Taunt</b>
<b>Enrage:</b> +3 Attack.","enUS","Common","Paul Mafayon","Warrior","http://wow.zamimg.com/images/hearthstone/cards/enus/original/OG_218.png","http://wow.zamimg.com/images/hearthstone/cards/enus/animated/OG_218_premium.gif",NA,4,"He thought the set was called ""Flippers of the Old Cods"" and hungrily volunteered to be in it.  He is definitely going to get his hearing checked.",TRUE,2,6,NA,NA,NA,NA,NA,"Enrage","Taunt"
"137","OG_283","C'Thun's Chosen","Whispers of the Old Gods","Minion","[x]<b>Divine Shield</b>
<b>Battlecry:</b> Give your C'Thun
+2/+2 <i>(wherever it is).</i>","enUS","Common","Jesper Esjing",NA,"http://wow.zamimg.com/images/hearthstone/cards/enus/original/OG_283.png","http://wow.zamimg.com/images/hearthstone/cards/enus/animated/OG_283_premium.gif",NA,4,"He gave her a promise ring and everything.",TRUE,4,2,NA,NA,NA,NA,NA,"Divine Shield","Battlecry"
"138","OG_337","Cyclopian Horror","Whispers of the Old Gods","Minion","<b>Taunt</b>. <b>Battlecry:</b> Gain      +1 Health for each enemy minion.","enUS","Epic","Garrett Hanna",NA,"http://wow.zamimg.com/images/hearthstone/cards/enus/original/OG_337.png","http://wow.zamimg.com/images/hearthstone/cards/enus/animated/OG_337_premium.gif",NA,4,"What are the qualifications for being a 'Horror?'  Just how horrible do you have to be?",TRUE,3,3,NA,NA,NA,NA,NA,"Taunt","Battlecry"
"139","OG_085","Demented Frostcaller","Whispers of the Old Gods","Minion","After you cast a spell, <b>Freeze</b> a random enemy.","enUS","Rare","Arthur Gimaldinov","Mage","http://wow.zamimg.com/images/hearthstone/cards/enus/original/OG_085.png","http://wow.zamimg.com/images/hearthstone/cards/enus/animated/OG_085_premium.gif",NA,4,"He prefers that you refer to him by his nickname: 'Frostwaker.'",TRUE,2,4,NA,NA,NA,NA,NA,NA,NA
"140","OG_254","Eater of Secrets","Whispers of the Old Gods","Minion","<b>Battlecry:</b> Destroy all enemy <b>Secrets</b>. Gain +1/+1 for each.","enUS","Rare","Dan Scott",NA,"http://wow.zamimg.com/images/hearthstone/cards/enus/original/OG_254.png","http://wow.zamimg.com/images/hearthstone/cards/enus/animated/OG_254_premium.gif","Battlecry",4,"You don't want to be around after it has eaten an explosive trap.  You thought Sludge Belcher was bad...",TRUE,2,4,NA,NA,NA,NA,NA,NA,NA
"141","OG_082","Evolved Kobold","Whispers of the Old Gods","Minion","<b>Spell Damage +2</b>","enUS","Common","Genevieve Tsai & Nutchapol ",NA,"http://wow.zamimg.com/images/hearthstone/cards/enus/original/OG_082.png","http://wow.zamimg.com/images/hearthstone/cards/enus/animated/OG_082_premium.gif","Spell Damage",4,"You no take tentacle!",TRUE,2,2,NA,NA,NA,NA,NA,NA,NA
"142","OG_272t","Faceless Destroyer","Whispers of the Old Gods","Minion",NA,"enUS",NA,"Josh Harris",NA,"http://wow.zamimg.com/images/hearthstone/cards/enus/original/OG_272t.png","http://wow.zamimg.com/images/hearthstone/cards/enus/animated/OG_272t_premium.gif",NA,4,NA,NA,5,5,NA,NA,NA,NA,NA,NA,NA
"143","OG_174","Faceless Shambler","Whispers of the Old Gods","Minion","<b>Taunt</b>
<b>Battlecry:</b> Copy a friendly minion's Attack and Health.","enUS","Epic","Alex Alexandrov",NA,"http://wow.zamimg.com/images/hearthstone/cards/enus/original/OG_174.png","http://wow.zamimg.com/images/hearthstone/cards/enus/animated/OG_174_premium.gif",NA,4,"""What is that thing?!"" ""I'm not sure, but it seems to be sort of Y'sera shaped.""",TRUE,1,1,NA,NA,NA,NA,NA,"Battlecry","Taunt"
"144","OG_044","Fandral Staghelm","Whispers of the Old Gods","Minion","Your <b>Choose One</b> cards have both effects combined.","enUS","Legendary","Anton Zemskov","Druid","http://wow.zamimg.com/images/hearthstone/cards/enus/original/OG_044.png","http://wow.zamimg.com/images/hearthstone/cards/enus/animated/OG_044_premium.gif","Aura",4,"Always manages to mention ""Back when I was creating the World Tree…"" in EVERY conversation. Sheesh! Enough already.",TRUE,3,5,NA,NA,TRUE,NA,NA,NA,NA
"145","OG_024","Flamewreathed Faceless","Whispers of the Old Gods","Minion","<b>Overload:</b> (2)","enUS","Common","E. M. Gist","Shaman","http://wow.zamimg.com/images/hearthstone/cards/enus/original/OG_024.png","http://wow.zamimg.com/images/hearthstone/cards/enus/animated/OG_024_premium.gif","Overload",4,"He's on fire! Boomshakalaka!",TRUE,7,7,NA,NA,NA,NA,NA,NA,NA
"146","OG_334","Hooded Acolyte","Whispers of the Old Gods","Minion","Whenever a character is healed, give your
C'Thun +1/+1 <i>(wherever it is).</i>","enUS","Common","Adam Byrne","Priest","http://wow.zamimg.com/images/hearthstone/cards/enus/original/OG_334.png","http://wow.zamimg.com/images/hearthstone/cards/enus/animated/OG_334_premium.gif",NA,4,"Wait, what kind of acolyte doesn't wear a hood?",TRUE,3,6,NA,NA,NA,NA,NA,NA,NA
"147","OG_249","Infested Tauren","Whispers of the Old Gods","Minion","<b>Taunt</b>
<b>Deathrattle:</b> Summon a 2/2 Slime.","enUS","Common","Paul Mafayon",NA,"http://wow.zamimg.com/images/hearthstone/cards/enus/original/OG_249.png","http://wow.zamimg.com/images/hearthstone/cards/enus/animated/OG_249_premium.gif",NA,4,"The Overmind and the Old Gods are surprisingly similar.",TRUE,2,3,NA,NA,NA,NA,NA,"Deathrattle","Taunt"
"148","OG_216","Infested Wolf","Whispers of the Old Gods","Minion","<b>Deathrattle:</b> Summon two 1/1 Spiders.","enUS","Rare","E. Guiton & A. Bozonnet","Hunter","http://wow.zamimg.com/images/hearthstone/cards/enus/original/OG_216.png","http://wow.zamimg.com/images/hearthstone/cards/enus/animated/OG_216_premium.gif","Deathrattle",4,"A little flea powder will fix that right up.",TRUE,3,3,"Beast",NA,NA,NA,NA,NA,NA
"149","OG_188","Klaxxi Amber-Weaver","Whispers of the Old Gods","Minion","<b>Battlecry:</b> If your C'Thun has at least 10 Attack, gain +5 Health.","enUS","Rare","Cole Eastburn","Druid","http://wow.zamimg.com/images/hearthstone/cards/enus/original/OG_188.png","http://wow.zamimg.com/images/hearthstone/cards/enus/animated/OG_188_premium.gif","Battlecry",4,"Amberweaving is a specialty course at the local trade school.",TRUE,4,5,NA,NA,NA,NA,NA,NA,NA
"150","OG_328","Master of Evolution","Whispers of the Old Gods","Minion","<b>Battlecry:</b> Transform a friendly minion into a random one that costs (1) more.","enUS","Rare","Dan Scott","Shaman","http://wow.zamimg.com/images/hearthstone/cards/enus/original/OG_328.png","http://wow.zamimg.com/images/hearthstone/cards/enus/animated/OG_328_premium.gif","Battlecry",4,"Will be really useful in the new ""Hearthémon"" game.",TRUE,4,5,NA,NA,NA,NA,NA,NA,NA
"151","OG_320","Midnight Drake","Whispers of the Old Gods","Minion","<b>Battlecry:</b> Gain +1 Attack for each other card
in your hand.","enUS","Rare","Todd Lockwood",NA,"http://wow.zamimg.com/images/hearthstone/cards/enus/original/OG_320.png","http://wow.zamimg.com/images/hearthstone/cards/enus/animated/OG_320_premium.gif","Battlecry",4,"Still fearsome in the daytime.",TRUE,1,4,"Dragon",NA,NA,NA,NA,NA,NA
"152","OG_202","Mire Keeper","Whispers of the Old Gods","Minion","[x]<b>Choose One -</b>Summon a
2/2 Slime; or Gain an
empty Mana Crystal.","enUS","Rare","Zoltan Boros","Druid","http://wow.zamimg.com/images/hearthstone/cards/enus/original/OG_202.png","http://wow.zamimg.com/images/hearthstone/cards/enus/animated/OG_202_premium.gif",NA,4,"""Hey.... Is that Mire for sale?"" 
  ""No.  I'm keeping it.""",TRUE,3,3,NA,NA,NA,NA,NA,NA,NA
"153","OG_323","Polluted Hoarder","Whispers of the Old Gods","Minion","<b>Deathrattle:</b> Draw a card.","enUS","Common","Matt Dixon",NA,"http://wow.zamimg.com/images/hearthstone/cards/enus/original/OG_323.png","http://wow.zamimg.com/images/hearthstone/cards/enus/animated/OG_323_premium.gif","Deathrattle",4,"Roll ‘greed’ OR THIS COULD HAPPEN TO YOU.",TRUE,4,2,NA,NA,NA,NA,NA,NA,NA
"154","OG_100","Shadow Word: Horror","Whispers of the Old Gods","Spell","Destroy all minions with 2 or less Attack.","enUS","Rare","Andrew Hou","Priest","http://wow.zamimg.com/images/hearthstone/cards/enus/original/OG_100.png","http://wow.zamimg.com/images/hearthstone/cards/enus/animated/OG_100_premium.gif",NA,4,"It's more succinct than ""Shadow Word: Suck Into Vortex.""",TRUE,NA,NA,NA,NA,NA,NA,NA,NA,NA
"155","OG_335","Shifting Shade","Whispers of the Old Gods","Minion","<b>Deathrattle:</b> Copy a card from your opponent's deck and add it to your hand.","enUS","Rare","Tyler Walpole","Priest","http://wow.zamimg.com/images/hearthstone/cards/enus/original/OG_335.png","http://wow.zamimg.com/images/hearthstone/cards/enus/animated/OG_335_premium.gif","Deathrattle",4,"Yeah, it's cooler in the shade, but you're also more likely to get JACKED.",TRUE,4,3,NA,NA,NA,NA,NA,NA,NA
"156","OG_267","Southsea Squidface","Whispers of the Old Gods","Minion","<b>Deathrattle:</b> Give your weapon +2 Attack.","enUS","Common","Mike Sass","Rogue","http://wow.zamimg.com/images/hearthstone/cards/enus/original/OG_267.png","http://wow.zamimg.com/images/hearthstone/cards/enus/animated/OG_267_premium.gif","Deathrattle",4,"Quick! Before I drown! Let me sharpen your sword for you.",TRUE,4,4,"Pirate",NA,NA,NA,NA,NA,NA
"157","OG_272","Twilight Summoner","Whispers of the Old Gods","Minion","<b>Deathrattle:</b> Summon a 5/5 Faceless Destroyer.","enUS","Epic","Jim Nelson",NA,"http://wow.zamimg.com/images/hearthstone/cards/enus/original/OG_272.png","http://wow.zamimg.com/images/hearthstone/cards/enus/animated/OG_272_premium.gif","Deathrattle",4,"If you strike him down, he shall become more powerful than you can possibly imagine.",TRUE,1,1,NA,NA,NA,NA,NA,NA,NA
"158","OG_080","Xaril, Poisoned Mind","Whispers of the Old Gods","Minion","<b>Battlecry and Deathrattle:</b> Add a random Toxin card to your hand.","enUS","Legendary","Jaemin Kim","Rogue","http://wow.zamimg.com/images/hearthstone/cards/enus/original/OG_080.png","http://wow.zamimg.com/images/hearthstone/cards/enus/animated/OG_080_premium.gif",NA,4,"It's basically your own fault if you go around drinking weird green potions handed out by creepy mantid dudes.",TRUE,3,2,NA,NA,TRUE,NA,NA,"Battlecry","Deathrattle"
"159","OG_090","Cabalist's Tome","Whispers of the Old Gods","Spell","Add 3 random Mage spells to your hand.","enUS","Epic","Milivoj Ceran","Mage","http://wow.zamimg.com/images/hearthstone/cards/enus/original/OG_090.png","http://wow.zamimg.com/images/hearthstone/cards/enus/animated/OG_090_premium.gif",NA,5,"What's in there? I bet it's cookie recipes!",TRUE,NA,NA,NA,NA,NA,NA,NA,NA,NA
"160","OG_147","Corrupted Healbot","Whispers of the Old Gods","Minion","<b>Deathrattle:</b> Restore 8 Health to the enemy hero.","enUS","Rare","Jesper Esjing",NA,"http://wow.zamimg.com/images/hearthstone/cards/enus/original/OG_147.png","http://wow.zamimg.com/images/hearthstone/cards/enus/animated/OG_147_premium.gif","Deathrattle",5,"Not so much ""corrupted"" as ""has terrible aim"".",TRUE,6,6,"Mech",NA,NA,NA,NA,NA,NA
"161","OG_321","Crazed Worshipper","Whispers of the Old Gods","Minion","<b>Taunt.</b> Whenever this minion takes damage, give your C'Thun +1/+1 <i>(wherever it is).</i>","enUS","Epic","Gonzalo Ordonez",NA,"http://wow.zamimg.com/images/hearthstone/cards/enus/original/OG_321.png","http://wow.zamimg.com/images/hearthstone/cards/enus/animated/OG_321_premium.gif","Taunt",5,"Every month they share a pancake breakfast with the Perfectly Rational Worshippers.",TRUE,3,6,NA,NA,NA,NA,NA,NA,NA
"162","OG_295","Cult Apothecary","Whispers of the Old Gods","Minion","<b>Battlecry:</b> For each enemy minion, restore 2 Health to your hero.","enUS","Common","Paul Mafayon",NA,"http://wow.zamimg.com/images/hearthstone/cards/enus/original/OG_295.png","http://wow.zamimg.com/images/hearthstone/cards/enus/animated/OG_295_premium.gif","Battlecry",5,"Cults need pharmacists too.",TRUE,4,4,NA,NA,NA,NA,NA,NA,NA
"163","OG_234","Darkshire Alchemist","Whispers of the Old Gods","Minion","<b>Battlecry:</b> Restore 5 Health.","enUS","Common","Chris Seaman","Priest","http://wow.zamimg.com/images/hearthstone/cards/enus/original/OG_234.png","http://wow.zamimg.com/images/hearthstone/cards/enus/animated/OG_234_premium.gif","Battlecry",5,"The secret ingredient: liquified funnel cake.",TRUE,4,5,NA,NA,NA,NA,NA,NA,NA
"164","OG_102","Darkspeaker","Whispers of the Old Gods","Minion","<b>Battlecry</b>: Swap stats with a friendly minion.","enUS","Epic","Phroi Gardner",NA,"http://wow.zamimg.com/images/hearthstone/cards/enus/original/OG_102.png","http://wow.zamimg.com/images/hearthstone/cards/enus/animated/OG_102_premium.gif","Battlecry",5,"People often think that Darkspeaker is the arch nemesis of Lightspeaker, but that title actually belongs to Heavyspeaker.",TRUE,3,6,NA,NA,NA,NA,NA,NA,NA
"165","OG_209","Hallazeal the Ascended","Whispers of the Old Gods","Minion","Whenever your spells deal damage, restore that much Health to your hero.","enUS","Legendary","Wayne Reynolds","Shaman","http://wow.zamimg.com/images/hearthstone/cards/enus/original/OG_209.png","http://wow.zamimg.com/images/hearthstone/cards/enus/animated/OG_209_premium.gif",NA,5,"Hallazeals all your dallazamage.",TRUE,4,6,NA,NA,TRUE,NA,NA,NA,NA
"166","OG_031","Hammer of Twilight","Whispers of the Old Gods","Weapon","<b>Deathrattle:</b> Summon a 4/2 Elemental.","enUS","Epic","James Ryman","Shaman","http://wow.zamimg.com/images/hearthstone/cards/enus/original/OG_031.png","http://wow.zamimg.com/images/hearthstone/cards/enus/animated/OG_031_premium.gif","Deathrattle",5,"Stop! It's Twlight Hammer time.",TRUE,4,NA,NA,2,NA,NA,NA,NA,NA
"167","OG_094","Power Word: Tentacles","Whispers of the Old Gods","Spell","Give a minion +2/+6.","enUS","Common","Jesper Ejsing","Priest","http://wow.zamimg.com/images/hearthstone/cards/enus/original/OG_094.png","http://wow.zamimg.com/images/hearthstone/cards/enus/animated/OG_094_premium.gif",NA,5,"Because you're wrapped in a protective layer of… tentacles?",TRUE,NA,NA,NA,NA,NA,NA,NA,NA,NA
"168","OG_309","Princess Huhuran","Whispers of the Old Gods","Minion","<b>Battlecry:</b> Trigger a friendly minion's <b>Deathrattle</b> effect.","enUS","Legendary","Jaemin Kim","Hunter","http://wow.zamimg.com/images/hearthstone/cards/enus/original/OG_309.png","http://wow.zamimg.com/images/hearthstone/cards/enus/animated/OG_309_premium.gif","Battlecry",5,"She flitters around Ahn'Qiraj dreaming of the day she will meet a sweet prince, whom she can lay thousands of eggs with.",TRUE,6,5,"Beast",NA,TRUE,NA,NA,NA,NA
"169","OG_145","Psych-o-Tron","Whispers of the Old Gods","Minion","<b>Taunt</b>
<b>Divine Shield</b>","enUS","Common","Matt Dixon",NA,"http://wow.zamimg.com/images/hearthstone/cards/enus/original/OG_145.png","http://wow.zamimg.com/images/hearthstone/cards/enus/animated/OG_145_premium.gif",NA,5,"""Annoyinger-o-Tron"" was just too unwieldy. And accurate.",TRUE,3,4,"Mech",NA,NA,NA,NA,"Taunt","Divine Shield"
"170","OG_087","Servant of Yogg-Saron","Whispers of the Old Gods","Minion","<b>Battlecry:</b> Cast a random spell that costs (5) or less <i>(targets chosen randomly)</i>.","enUS","Rare","Slawomir Maniak","Mage","http://wow.zamimg.com/images/hearthstone/cards/enus/original/OG_087.png","http://wow.zamimg.com/images/hearthstone/cards/enus/animated/OG_087_premium.gif","Battlecry",5,"Yogg-Saron always likes to complain about how he has too many servants and there are too many mouths to feed.",TRUE,5,4,NA,NA,NA,NA,NA,NA,NA
"171","OG_291","Shadowcaster","Whispers of the Old Gods","Minion","<b>Battlecry:</b> Choose a friendly minion. Add a 1/1 copy     to your hand that costs (1).","enUS","Epic","J. Meyers & A. Bozonnet","Rogue","http://wow.zamimg.com/images/hearthstone/cards/enus/original/OG_291.png","http://wow.zamimg.com/images/hearthstone/cards/enus/animated/OG_291_premium.gif","Battlecry",5,"I mean, it's not creepy if you ASK before you steal their shadow to make a small replica of them to keep on your shelf.",TRUE,4,4,NA,NA,NA,NA,NA,NA,NA
"172","OG_273","Stand Against Darkness","Whispers of the Old Gods","Spell","Summon five 1/1 Silver Hand Recruits.","enUS","Common","Ralph Horsley","Paladin","http://wow.zamimg.com/images/hearthstone/cards/enus/original/OG_273.png","http://wow.zamimg.com/images/hearthstone/cards/enus/animated/OG_273_premium.gif",NA,5,"Or if you're too tired, you can just kind of lean against the darkness.",TRUE,NA,NA,NA,NA,NA,NA,NA,NA,NA
"173","OG_033","Tentacles for Arms","Whispers of the Old Gods","Weapon","<b>Deathrattle:</b> Return this to your hand.","enUS","Epic","Alex Konstad","Warrior","http://wow.zamimg.com/images/hearthstone/cards/enus/original/OG_033.png","http://wow.zamimg.com/images/hearthstone/cards/enus/animated/OG_033_premium.gif","Deathrattle",5,"That's right. Garrosh just slapped you to death with a tentacle.",TRUE,2,NA,NA,2,NA,NA,NA,NA,NA
"174","OG_096","Twilight Darkmender","Whispers of the Old Gods","Minion","<b>Battlecry:</b> If your C'Thun  has at least 10 Attack, restore 10 Health to your hero.","enUS","Rare","Alex Garner","Priest","http://wow.zamimg.com/images/hearthstone/cards/enus/original/OG_096.png","http://wow.zamimg.com/images/hearthstone/cards/enus/animated/OG_096_premium.gif","Battlecry",5,"First she separates them from the lights, washes them in cold water, and hang-dries.",TRUE,6,5,NA,NA,NA,NA,NA,NA,NA
"175","OG_302","Usher of Souls","Whispers of the Old Gods","Minion","Whenever a friendly minion dies, give your C'Thun +1/+1
<i>(wherever it is).</i>","enUS","Common","Dave Allsop","Warlock","http://wow.zamimg.com/images/hearthstone/cards/enus/original/OG_302.png","http://wow.zamimg.com/images/hearthstone/cards/enus/animated/OG_302_premium.gif",NA,5,"Nothing unburdens your soul like a good ushing!",TRUE,5,6,NA,NA,NA,NA,NA,NA,NA
"176","OG_200","Validated Doomsayer","Whispers of the Old Gods","Minion","At the start of your turn, set this minion's Attack to 7.","enUS","Epic","Dan Orizio",NA,"http://wow.zamimg.com/images/hearthstone/cards/enus/original/OG_200.png","http://wow.zamimg.com/images/hearthstone/cards/enus/animated/OG_200_premium.gif",NA,5,"Really feels good about himself and is in a much better place now. But… he sure does miss piloting those shredders.",TRUE,0,7,NA,NA,NA,NA,NA,NA,NA
"177","OG_290","Ancient Harbinger","Whispers of the Old Gods","Minion","At the start of your turn, put a 10-Cost minion from your deck into your hand.","enUS","Epic","Zoltan Boros",NA,"http://wow.zamimg.com/images/hearthstone/cards/enus/original/OG_290.png","http://wow.zamimg.com/images/hearthstone/cards/enus/animated/OG_290_premium.gif",NA,6,"""honey, can u run down to the store and pick up some 10 cost minions? thx""",TRUE,4,6,NA,NA,NA,NA,NA,NA,NA
"178","OG_161","Corrupted Seer","Whispers of the Old Gods","Minion","<b>Battlecry:</b> Deal 2 damage to all non-Murloc minions.","enUS","Rare","Ryan Metcalf",NA,"http://wow.zamimg.com/images/hearthstone/cards/enus/original/OG_161.png","http://wow.zamimg.com/images/hearthstone/cards/enus/animated/OG_161_premium.gif","Battlecry",6,"For seers, it's very handy to have your crystal ball hanging right in front of your face.",TRUE,2,3,"Murloc",NA,NA,NA,NA,NA,NA
"179","OG_293","Dark Arakkoa","Whispers of the Old Gods","Minion","[x]<b>Taunt</b>
<b>Battlecry:</b> Give your C'Thun
+3/+3 <i>(wherever it is).</i>","enUS","Common","Nutchapol Thitinunthakorn","Druid","http://wow.zamimg.com/images/hearthstone/cards/enus/original/OG_293.png","http://wow.zamimg.com/images/hearthstone/cards/enus/animated/OG_293_premium.gif",NA,6,"There's a whole gradient of Arakkoa! This one is on the darker side.",TRUE,5,7,NA,NA,NA,NA,NA,"Battlecry","Taunt"
"180","OG_207","Faceless Summoner","Whispers of the Old Gods","Minion","<b>Battlecry:</b> Summon a random 3-Cost minion.","enUS","Common","Mark Abadier","Mage","http://wow.zamimg.com/images/hearthstone/cards/enus/original/OG_207.png","http://wow.zamimg.com/images/hearthstone/cards/enus/animated/OG_207_premium.gif","Battlecry",6,"They never get the recognition they deserve.",TRUE,5,5,NA,NA,NA,NA,NA,NA,NA
"181","OG_316","Herald Volazj","Whispers of the Old Gods","Minion","<b>Battlecry:</b> Summon a 1/1 copy of each of your other minions.","enUS","Legendary","Luke Mancini","Priest","http://wow.zamimg.com/images/hearthstone/cards/enus/original/OG_316.png","http://wow.zamimg.com/images/hearthstone/cards/enus/animated/OG_316_premium.gif","Battlecry",6,"His whole job is yelling ""Yogg-Saron comin'!""",TRUE,5,5,NA,NA,TRUE,NA,NA,NA,NA
"182","OG_122","Mukla, Tyrant of the Vale","Whispers of the Old Gods","Minion","<b>Battlecry:</b> Add 2 Bananas to your hand.","enUS","Legendary","Sam Nielson",NA,"http://wow.zamimg.com/images/hearthstone/cards/enus/original/OG_122.png","http://wow.zamimg.com/images/hearthstone/cards/enus/animated/OG_122_premium.gif","Battlecry",6,"Pro tip: DO NOT BOGART THE BANANAS.",TRUE,5,5,"Beast",NA,TRUE,NA,NA,NA,NA
"183","OG_138","Nerubian Prophet","Whispers of the Old Gods","Minion","At the start of your turn, reduce this card's
Cost by (1).","enUS","Common","Lars Grant-West",NA,"http://wow.zamimg.com/images/hearthstone/cards/enus/original/OG_138.png","http://wow.zamimg.com/images/hearthstone/cards/enus/animated/OG_138_premium.gif",NA,6,"It’s a self-reducing prophecy.",TRUE,4,4,NA,NA,NA,NA,NA,NA,NA
"184","OG_271","Scaled Nightmare","Whispers of the Old Gods","Minion","At the start of your turn, double this minion's Attack.","enUS","Epic","Luke Mancini",NA,"http://wow.zamimg.com/images/hearthstone/cards/enus/original/OG_271.png","http://wow.zamimg.com/images/hearthstone/cards/enus/animated/OG_271_premium.gif",NA,6,"I like it because it scales.",TRUE,2,8,"Dragon",NA,NA,NA,NA,NA,NA
"185","OG_339","Skeram Cultist","Whispers of the Old Gods","Minion","<b>Battlecry:</b> Give your C'Thun +2/+2 <i>(wherever it is).</i>","enUS","Rare","Jaemin Kim",NA,"http://wow.zamimg.com/images/hearthstone/cards/enus/original/OG_339.png","http://wow.zamimg.com/images/hearthstone/cards/enus/animated/OG_339_premium.gif","Battlecry",6,"Just before he comes into play, there is an AWESOME training montage with C'thun.",TRUE,7,6,NA,NA,NA,NA,NA,NA,NA
"186","OG_028","Thing from Below","Whispers of the Old Gods","Minion","[x]<b>Taunt</b>
Costs (1) less for each
Totem you've summoned
this game.","enUS","Rare","Slawomir Maniak","Shaman","http://wow.zamimg.com/images/hearthstone/cards/enus/original/OG_028.png","http://wow.zamimg.com/images/hearthstone/cards/enus/animated/OG_028_premium.gif","Taunt",6,"Just can't resist the opportunity to hang around with a bunch of totems.",TRUE,5,5,NA,NA,NA,NA,NA,NA,NA
"187","OG_073","Thistle Tea","Whispers of the Old Gods","Spell","Draw a card. Add 2 extra copies of it to your hand.","enUS","Rare","Matthew O'Connor","Rogue","http://wow.zamimg.com/images/hearthstone/cards/enus/original/OG_073.png","http://wow.zamimg.com/images/hearthstone/cards/enus/animated/OG_073_premium.gif",NA,6,"Aren't Thistles prickly?  Why would you drink them? I don't get Rogues.",TRUE,NA,NA,NA,NA,NA,NA,NA,NA,NA
"188","OG_301","Ancient Shieldbearer","Whispers of the Old Gods","Minion","<b>Battlecry:</b> If your C'Thun has at least 10 Attack, gain 10 Armor.","enUS","Rare","Alex Konstad","Warrior","http://wow.zamimg.com/images/hearthstone/cards/enus/original/OG_301.png","http://wow.zamimg.com/images/hearthstone/cards/enus/animated/OG_301_premium.gif","Battlecry",7,"Back in her day, each shield weighed two tons and she had to carry four of them on each arm!",TRUE,6,6,NA,NA,NA,NA,NA,NA,NA
"189","OG_153","Bog Creeper","Whispers of the Old Gods","Minion","<b>Taunt</b>","enUS","Common","Matt Dixon",NA,"http://wow.zamimg.com/images/hearthstone/cards/enus/original/OG_153.png","http://wow.zamimg.com/images/hearthstone/cards/enus/animated/OG_153_premium.gif","Taunt",7,"He's tried other things, but bog sidling, bog ambling, and bog trundling just aren't as effective as bog creeping.",TRUE,6,8,NA,NA,NA,NA,NA,NA,NA
"190","OG_121","Cho'gall","Whispers of the Old Gods","Minion","<b>Battlecry:</b> The next spell you cast this turn costs Health instead of Mana.","enUS","Legendary","James Ryman","Warlock","http://wow.zamimg.com/images/hearthstone/cards/enus/original/OG_121.png","http://wow.zamimg.com/images/hearthstone/cards/enus/animated/OG_121_premium.gif","Battlecry",7,"Even after all this time, Gul'dan still makes Cho'gall go get donuts and coffee.",TRUE,7,7,NA,NA,TRUE,NA,NA,NA,NA
"191","OG_152","Grotesque Dragonhawk","Whispers of the Old Gods","Minion","<b>Windfury</b>","enUS","Common","Jim Nelson",NA,"http://wow.zamimg.com/images/hearthstone/cards/enus/original/OG_152.png","http://wow.zamimg.com/images/hearthstone/cards/enus/animated/OG_152_premium.gif","Windfury",7,"They say that ""grotesque is in the eye of the beholder,"" but that's just because they've never seen a Grotesque Dragonhawk. Yikes!",TRUE,5,5,"Beast",NA,NA,NA,NA,NA,NA
"192","OG_318","Hogger, Doom of Elwynn","Whispers of the Old Gods","Minion","Whenever this minion takes damage, summon a 2/2 Gnoll with <b>Taunt</b>.","enUS","Legendary","Matt Dixon",NA,"http://wow.zamimg.com/images/hearthstone/cards/enus/original/OG_318.png","http://wow.zamimg.com/images/hearthstone/cards/enus/animated/OG_318_premium.gif",NA,7,"When C'thun went to sleep, he checked under his bed for Hogger.",TRUE,6,6,NA,NA,TRUE,NA,NA,NA,NA
"193","OG_220","Malkorok","Whispers of the Old Gods","Minion","<b>Battlecry:</b> Equip a random weapon.","enUS","Legendary","E. Guiton & Nutchapol ","Warrior","http://wow.zamimg.com/images/hearthstone/cards/enus/original/OG_220.png","http://wow.zamimg.com/images/hearthstone/cards/enus/animated/OG_220_premium.gif","Battlecry",7,"Garrosh's best buddy. It's true. Look it up.",TRUE,6,5,NA,NA,TRUE,NA,NA,NA,NA
"194","OG_131","Twin Emperor Vek'lor","Whispers of the Old Gods","Minion","[x]<b><b>Taunt</b>
Battlecry:</b> If your C'Thun has
at least 10 Attack, summon
another Emperor.","enUS","Legendary","Mike Sass",NA,"http://wow.zamimg.com/images/hearthstone/cards/enus/original/OG_131.png","http://wow.zamimg.com/images/hearthstone/cards/enus/animated/OG_131_premium.gif",NA,7,"Do they make decisions based on age? ""I'm two minutes older therefore we burn this village.""",TRUE,4,6,NA,NA,TRUE,NA,NA,"Battlecry","Taunt"
"195","OG_319","Twin Emperor Vek'nilash","Whispers of the Old Gods","Minion","<b>Taunt</b>","enUS","Legendary","Mike Sass",NA,"http://wow.zamimg.com/images/hearthstone/cards/enus/original/OG_319.png","http://wow.zamimg.com/images/hearthstone/cards/enus/animated/OG_319_premium.gif","Taunt",7,NA,NA,4,6,NA,NA,TRUE,NA,NA,NA,NA
"196","OG_195","Wisps of the Old Gods","Whispers of the Old Gods","Spell","<b>Choose One -</b> Summon seven 1/1 Wisps; or Give your minions +2/+2.","enUS","Epic","Skan Srisuwan","Druid","http://wow.zamimg.com/images/hearthstone/cards/enus/original/OG_195.png","http://wow.zamimg.com/images/hearthstone/cards/enus/animated/OG_195_premium.gif",NA,7," They're just normal wisps, actually. The ""Of the Old Gods"" bit is just marketing.",TRUE,NA,NA,NA,NA,NA,NA,NA,NA,NA
"197","OG_120","Anomalus","Whispers of the Old Gods","Minion","<b>Deathrattle:</b> Deal 8 damage to all minions.","enUS","Legendary","Kan Lui","Mage","http://wow.zamimg.com/images/hearthstone/cards/enus/original/OG_120.png","http://wow.zamimg.com/images/hearthstone/cards/enus/animated/OG_120_premium.gif","Deathrattle",8,"That's short for ""Anomnomnomnomalus"".",TRUE,8,6,NA,NA,TRUE,NA,NA,NA,NA
"198","OG_211","Call of the Wild","Whispers of the Old Gods","Spell","Summon all three Animal Companions.","enUS","Epic","Peter Stapleton","Hunter","http://wow.zamimg.com/images/hearthstone/cards/enus/original/OG_211.png","http://wow.zamimg.com/images/hearthstone/cards/enus/animated/OG_211_premium.gif",NA,8,"""Hello. Misha, Leokk and Huffer aren't here right now, but if you leave a message we'll get back to you right away."" BEEP.",TRUE,NA,NA,NA,NA,NA,NA,NA,NA,NA
"199","OG_255","Doomcaller","Whispers of the Old Gods","Minion","<b>Battlecry:</b> Give your C'Thun +2/+2 <i>(wherever it is).</i> If it's dead, shuffle it into your deck.","enUS","Rare","Ben Zhang",NA,"http://wow.zamimg.com/images/hearthstone/cards/enus/original/OG_255.png","http://wow.zamimg.com/images/hearthstone/cards/enus/animated/OG_255_premium.gif","Battlecry",8,"""Hello, is Doom there? No? Can I leave a message?""",TRUE,7,9,NA,NA,NA,NA,NA,NA,NA
"200","OG_142","Eldritch Horror","Whispers of the Old Gods","Minion",NA,"enUS","Common","Mike Sass",NA,"http://wow.zamimg.com/images/hearthstone/cards/enus/original/OG_142.png","http://wow.zamimg.com/images/hearthstone/cards/enus/animated/OG_142_premium.gif",NA,8,"Often wonders what path his life might have taken if he wasn't named, you know, ""Eldritch Horror"".",TRUE,6,10,NA,NA,NA,NA,NA,NA,NA
"201","OG_308","Giant Sand Worm","Whispers of the Old Gods","Minion","Whenever this attacks and kills a minion, it may attack again.","enUS","Epic","Slawomir Maniak","Hunter","http://wow.zamimg.com/images/hearthstone/cards/enus/original/OG_308.png","http://wow.zamimg.com/images/hearthstone/cards/enus/animated/OG_308_premium.gif",NA,8,"Banned from every all-you-can-eat buffet on Azeroth.",TRUE,8,8,"Beast",NA,NA,NA,NA,NA,NA
"202","OG_270a","Nerubian Soldier","Whispers of the Old Gods","Minion",NA,"enUS",NA,NA,NA,"http://wow.zamimg.com/images/hearthstone/cards/enus/original/OG_270a.png","http://wow.zamimg.com/images/hearthstone/cards/enus/animated/OG_270a_premium.gif",NA,8,NA,NA,7,7,NA,NA,NA,NA,NA,NA,NA
"203","OG_229","Ragnaros, Lightlord","Whispers of the Old Gods","Minion","At the end of your turn, restore 8 Health to a damaged friendly character.","enUS","Legendary","James Ryman","Paladin","http://wow.zamimg.com/images/hearthstone/cards/enus/original/OG_229.png","http://wow.zamimg.com/images/hearthstone/cards/enus/animated/OG_229_premium.gif",NA,8,"What happens when you try and corrupt a corrupted firelord? DOUBLE NEGATIVE, INSECT!",TRUE,8,8,NA,NA,TRUE,NA,NA,NA,NA
"204","OG_300","The Boogeymonster","Whispers of the Old Gods","Minion","Whenever this attacks and kills a minion, gain +2/+2.","enUS","Legendary","Alex Horley Orlandelli",NA,"http://wow.zamimg.com/images/hearthstone/cards/enus/original/OG_300.png","http://wow.zamimg.com/images/hearthstone/cards/enus/animated/OG_300_premium.gif",NA,8,"Has 20 years of training in classical ballet, but ALLLLLL he ever gets asked to do is boogie.",TRUE,6,7,NA,NA,TRUE,NA,NA,NA,NA
"205","OG_282","Blade of C'Thun","Whispers of the Old Gods","Minion","<b>Battlecry:</b> Destroy a minion. Add its Attack and Health  to C'Thun's <i>(wherever it is).</i>","enUS","Epic","Steve Prescott","Rogue","http://wow.zamimg.com/images/hearthstone/cards/enus/original/OG_282.png","http://wow.zamimg.com/images/hearthstone/cards/enus/animated/OG_282_premium.gif","Battlecry",9,"C'Thun demands a sacrifice! Preferably a Deathwing.",TRUE,4,4,NA,NA,NA,NA,NA,NA,NA
"206","OG_173","Blood of The Ancient One","Whispers of the Old Gods","Minion","If you control two of these
at the end of your turn, merge them into 'The Ancient One'.","enUS","Epic","A. J. Nazzaro",NA,"http://wow.zamimg.com/images/hearthstone/cards/enus/original/OG_173.png","http://wow.zamimg.com/images/hearthstone/cards/enus/animated/OG_173_premium.gif",NA,9,"Add two cups of Blood of the Ancient One to one cup of lemon juice. Add just a dash of sugar and stir. Delicious!",TRUE,9,9,NA,NA,NA,NA,NA,NA,NA
"207","OG_340","Soggoth the Slitherer","Whispers of the Old Gods","Minion","<b>Taunt</b>
Can't be targeted by spells or Hero Powers.","enUS","Legendary","James Ryman",NA,"http://wow.zamimg.com/images/hearthstone/cards/enus/original/OG_340.png","http://wow.zamimg.com/images/hearthstone/cards/enus/animated/OG_340_premium.gif","Taunt",9,"Don't tell Soggoth, but in the future he gets totally owned by the Master's Glaive and his skull becomes a tourist attraction.",TRUE,5,9,NA,NA,TRUE,NA,NA,NA,NA
"208","OG_173a","The Ancient One","Whispers of the Old Gods","Minion",NA,"enUS","Epic","Wei Wang",NA,"http://wow.zamimg.com/images/hearthstone/cards/enus/original/OG_173a.png","http://wow.zamimg.com/images/hearthstone/cards/enus/animated/OG_173a_premium.gif",NA,9,NA,NA,30,30,NA,NA,NA,NA,NA,NA,NA
"209","OG_279","C'Thun","Whispers of the Old Gods","Minion","<b>Battlecry:</b> Deal damage equal to this minion's Attack randomly split among all enemies.","enUS","Legendary",NA,NA,"http://wow.zamimg.com/images/hearthstone/cards/enus/original/OG_279.png","http://wow.zamimg.com/images/hearthstone/cards/enus/animated/OG_279_premium.gif",NA,10,NA,NA,6,6,NA,NA,TRUE,NA,NA,NA,NA
"210","OG_280","C'Thun","Whispers of the Old Gods","Minion","<b>Battlecry:</b> Deal damage equal to this minion's Attack randomly split among all enemies.","enUS","Legendary","James Ryman",NA,"http://wow.zamimg.com/images/hearthstone/cards/enus/original/OG_280.png","http://wow.zamimg.com/images/hearthstone/cards/enus/animated/OG_280_premium.gif","Battlecry",10,"C'Thun's least favorite Hearthstone card: Eye for an Eye.",TRUE,6,6,NA,NA,TRUE,"Unlocked when opening a Whispers of the Old Gods pack.","Crafting unlocked after opening a Whispers of the Old Gods pack.",NA,NA
"211","OG_317","Deathwing, Dragonlord","Whispers of the Old Gods","Minion","<b>Deathrattle:</b> Put all Dragons from your hand into the battlefield.","enUS","Legendary","Alex Horley Orlandelli",NA,"http://wow.zamimg.com/images/hearthstone/cards/enus/original/OG_317.png","http://wow.zamimg.com/images/hearthstone/cards/enus/animated/OG_317_premium.gif","Deathrattle",10,"To his credit, Deathwing really took to heart the feedback he was receiving that he needed to be ""more of a team player"".",TRUE,12,12,"Dragon",NA,TRUE,NA,NA,NA,NA
"212","OG_239","DOOM!","Whispers of the Old Gods","Spell","Destroy all minions. Draw a card for each.","enUS","Epic","Raymond Swanland","Warlock","http://wow.zamimg.com/images/hearthstone/cards/enus/original/OG_239.png","http://wow.zamimg.com/images/hearthstone/cards/enus/animated/OG_239_premium.gif",NA,10,"We ran out of space for ""DOOOOOOOOOOOM!!!!!""",TRUE,NA,NA,NA,NA,NA,NA,NA,NA,NA
"213","OG_141","Faceless Behemoth","Whispers of the Old Gods","Minion",NA,"enUS","Common","Zoltan Boros",NA,"http://wow.zamimg.com/images/hearthstone/cards/enus/original/OG_141.png","http://wow.zamimg.com/images/hearthstone/cards/enus/animated/OG_141_premium.gif",NA,10,"Rejected names: Forty-Foot Faceless, Big ol' No-face, Huge Creature Sans Face, Teddy.",TRUE,10,10,NA,NA,NA,NA,NA,NA,NA
"214","OG_133","N'Zoth, the Corruptor","Whispers of the Old Gods","Minion","<b>Battlecry:</b> Summon your <b>Deathrattle</b> minions that died this game.","enUS","Legendary","Tyson Murphy",NA,"http://wow.zamimg.com/images/hearthstone/cards/enus/original/OG_133.png","http://wow.zamimg.com/images/hearthstone/cards/enus/animated/OG_133_premium.gif","Battlecry",10,"Has not been able to get ""Under the Sea"" out of his head for like FIVE THOUSAND YEARS.",TRUE,5,7,NA,NA,TRUE,NA,NA,NA,NA
"215","OG_042","Y'Shaarj, Rage Unbound","Whispers of the Old Gods","Minion","At the end of your turn, put a minion from your deck into the battlefield.","enUS","Legendary","Samwise",NA,"http://wow.zamimg.com/images/hearthstone/cards/enus/original/OG_042.png","http://wow.zamimg.com/images/hearthstone/cards/enus/animated/OG_042_premium.gif",NA,10,"When he's working out, he binds all that rage back into a ponytail.",TRUE,10,10,NA,NA,TRUE,NA,NA,NA,NA
"216","OG_134","Yogg-Saron, Hope's End","Whispers of the Old Gods","Minion","<b>Battlecry:</b> Cast a random spell for each spell you've cast this game <i>(targets chosen randomly)</i>.","enUS","Legendary","Tooth",NA,"http://wow.zamimg.com/images/hearthstone/cards/enus/original/OG_134.png","http://wow.zamimg.com/images/hearthstone/cards/enus/animated/OG_134_premium.gif","Battlecry",10,"I spell your doom... Y-O-U-R D-O-O-M!",TRUE,7,5,NA,NA,TRUE,NA,NA,NA,NA
